<?xml version="1.0" encoding="UTF-8"?>
<beans xmlns="http://www.springframework.org/schema/beans"
	xmlns:tx="http://www.springframework.org/schema/tx" xmlns:xsi="http://www.w3.org/2001/XMLSchema-instance"
	xmlns:context="http://www.springframework.org/schema/context"
	xmlns:util="http://www.springframework.org/schema/util" xmlns:mvc="http://www.springframework.org/schema/mvc"
	xsi:schemaLocation="http://www.springframework.org/schema/mvc http://www.springframework.org/schema/mvc/spring-mvc-4.3.xsd
  http://www.springframework.org/schema/beans http://www.springframework.org/schema/beans/spring-beans.xsd
  http://www.springframework.org/schema/util http://www.springframework.org/schema/util/spring-util-4.3.xsd
  http://www.springframework.org/schema/context http://www.springframework.org/schema/context/spring-context-4.3.xsd
  http://www.springframework.org/schema/tx http://www.springframework.org/schema/tx/spring-tx-4.3.xsd">

	<context:component-scan base-package="com.ekutir.gateway.controller" />
	<context:component-scan base-package="com.ekutir.gateway.dao" />
	<context:component-scan base-package="com.ekutir.gateway.services" />
	<mvc:annotation-driven>
		<mvc:message-converters>
			<bean
				class="org.springframework.http.converter.json.MappingJackson2HttpMessageConverter">
				<property name="objectMapper" ref="EKutirJsonMapper" />
			</bean>
		</mvc:message-converters>
	</mvc:annotation-driven>
	<bean id="EKutirJsonMapper" class="com.ekutir.gateway.utilities.EKutirJsonMapper" />

	<bean id="ekutirds"
		class="org.springframework.jdbc.datasource.DriverManagerDataSource">
		<property name="driverClassName" value="com.mysql.jdbc.Driver" />
		<property name="url" value="jdbc:mysql://localhost:3306/ekutir_gateway" />
		<!-- <property name="url" value="jdbc:mysql://EKSWINSERV004:3306/ekutir_gateway" 
			/> -->
		<!-- <property name="username" value="root" /> -->
		<!-- <property name="password" value="toor" /> -->
		<!-- <property name="username" value="mysqlnwadmin" /> -->
		<!-- <property name="password" value="connectme@mysql" /> -->
		<!-- AWS DB INDIA -->
		<property name="username" value="root" />
		<property name="password" value="root" />

		<!-- AWS DB NEPAL -->
		<!-- <property name="username" value="ektPrDN3p4L4dm1n" />
		<property name="password" value="l0gm3In2ektPrdDBN3p@L" /> -->

	</bean>

	<bean id="svadhaerpds"
		class="org.springframework.jdbc.datasource.DriverManagerDataSource">
		<property name="driverClassName" value="com.mysql.jdbc.Driver" />
		<property name="url" value="jdbc:mysql://localhost:3306/dbsvadha.erp" />
		<!-- <property name="url" value="jdbc:mysql://EKSWINSERV004:3306/dbsvadha.erp" 
			/> -->
		<!-- <property name="username" value="root" /> -->
		<!-- <property name="password" value="toor" /> -->
		<!-- <property name="username" value="mysqlnwadmin" /> -->
		<!-- <property name="password" value="connectme@mysql" /> -->
		<!-- AWS INDIA DB -->
		<property name="username" value="root" />
		<property name="password" value="root" />

		<!-- AWS DB NEPAL -->
		<!-- <property name="username" value="ektPrDN3p4L4dm1n" />
		<property name="password" value="l0gm3In2ektPrdDBN3p@L" /> -->

	</bean>


	<bean id="manas"
		class="org.springframework.orm.hibernate4.LocalSessionFactoryBean">
		<property name="dataSource" ref="ekutirds" />
		<property name="annotatedClasses">
			<list>
				<value>com.ekutir.gateway.model.Address</value>
				<value>com.ekutir.gateway.model.Advertisement</value>
				<value>com.ekutir.gateway.model.Application</value>
				<value>com.ekutir.gateway.model.Audit</value>
				<value>com.ekutir.gateway.model.Auth</value>
				<value>com.ekutir.gateway.model.BusinessCategory</value>
				<value>com.ekutir.gateway.model.BusinessTip</value>
				<value>com.ekutir.gateway.model.BusinessUser</value>
				<value>com.ekutir.gateway.model.Customer</value>
				<value>com.ekutir.gateway.model.PhoneXOtp</value>
				<value>com.ekutir.gateway.model.Registration</value>
				<value>com.ekutir.gateway.model.SaleAndOffer</value>
				<value>com.ekutir.gateway.model.User</value>
				<value>com.ekutir.gateway.model.CustomerType</value>
				<value>com.ekutir.gateway.model.MeAndMyLand</value>
				<value>com.ekutir.gateway.model.AppMaster</value>
				<value>com.ekutir.gateway.model.SvadhaErpAddress</value>
				<value>com.ekutir.gateway.model.SvadhaErpMeCustomer</value>
				<value>com.ekutir.gateway.model.LicenseMappingTO</value>
				<value>com.ekutir.gateway.model.MasterFranchiseUserMappingTO</value>
				<value>com.ekutir.gateway.model.UserLocation</value>
			</list>
		</property>
		<property name="hibernateProperties">
			<props>
				<prop key="hibernate.dialect">org.hibernate.dialect.MySQL5Dialect</prop>
				<prop key="hibernate.show_sql">true</prop>
				<prop key="hibernate.format_sql">true</prop>
			</props>
		</property>
	</bean>

	<bean id="ananta"
		class="org.springframework.orm.hibernate4.LocalSessionFactoryBean">
		<property name="dataSource" ref="svadhaerpds" />
		<property name="annotatedClasses">
			<list>
				<value>com.ekutir.gateway.model.Address</value>
				<value>com.ekutir.gateway.model.Advertisement</value>
				<value>com.ekutir.gateway.model.Application</value>
				<value>com.ekutir.gateway.model.Audit</value>
				<value>com.ekutir.gateway.model.Auth</value>
				<value>com.ekutir.gateway.model.BusinessCategory</value>
				<value>com.ekutir.gateway.model.BusinessTip</value>
				<value>com.ekutir.gateway.model.BusinessUser</value>
				<value>com.ekutir.gateway.model.Customer</value>
				<value>com.ekutir.gateway.model.PhoneXOtp</value>
				<value>com.ekutir.gateway.model.Registration</value>
				<value>com.ekutir.gateway.model.SaleAndOffer</value>
				<value>com.ekutir.gateway.model.User</value>
				<value>com.ekutir.gateway.model.CustomerType</value>
				<value>com.ekutir.gateway.model.MeAndMyLand</value>
				<value>com.ekutir.gateway.model.AppMaster</value>
				<value>com.ekutir.gateway.model.SvadhaErpAddress</value>
				<value>com.ekutir.gateway.model.SvadhaErpMeCustomer</value>
				<value>com.ekutir.gateway.model.LicenseMappingTO</value>
			</list>
		</property>
		<property name="hibernateProperties">
			<props>
				<prop key="hibernate.dialect">org.hibernate.dialect.MySQL5Dialect</prop>
				<prop key="hibernate.show_sql">false</prop>
				<prop key="hibernate.show_sql">true</prop>
				<prop key="hibernate.format_sql">true</prop>
			</props>
		</property>
	</bean>



	<bean id="persistenceExceptionTranslationPostProcessor"
		class="org.springframework.dao.annotation.PersistenceExceptionTranslationPostProcessor" />

	<!-- <bean id="GatewayDao" class="com.ekutir.gateway.dao.GatewayDaoImpl"> -->
	<!-- <property name="sessionFactory" -->
	<!-- ref="hibernate4AnnotatedSessionFactoryForEKutirGateway" /> -->
	<!-- </bean> -->
	<!-- <bean id="HomeDao" class="com.ekutir.gateway.dao.HomeDaoImpl"> -->
	<!-- <property name="sessionFactory" -->
	<!-- ref="hibernate4AnnotatedSessionFactoryForEKutirGateway" /> -->
	<!-- </bean> -->
	<tx:annotation-driven transaction-manager="transactionManagerForEKutir" />
	<tx:annotation-driven transaction-manager="transactionManagerForSvadhaErp" />

	<bean id="transactionManagerForEKutir"
		class="org.springframework.orm.hibernate4.HibernateTransactionManager">
		<property name="sessionFactory"
			ref="manas" />
	</bean>

	<bean id="transactionManagerForSvadhaErp"
		class="org.springframework.orm.hibernate4.HibernateTransactionManager">
		<property name="sessionFactory"
			ref="ananta" />
	</bean>


</beans>