<?xml version="1.0" encoding="UTF-8"?>
<beans xmlns="http://www.springframework.org/schema/beans"
	xmlns:tx="http://www.springframework.org/schema/tx" xmlns:xsi="http://www.w3.org/2001/XMLSchema-instance"
	xmlns:context="http://www.springframework.org/schema/context"
	xmlns:util="http://www.springframework.org/schema/util" xmlns:mvc="http://www.springframework.org/schema/mvc"
	xsi:schemaLocation="http://www.springframework.org/schema/mvc http://www.springframework.org/schema/mvc/spring-mvc-4.3.xsd
  http://www.springframework.org/schema/beans http://www.springframework.org/schema/beans/spring-beans.xsd
  http://www.springframework.org/schema/util http://www.springframework.org/schema/util/spring-util-4.3.xsd
  http://www.springframework.org/schema/context http://www.springframework.org/schema/context/spring-context-4.3.xsd
  http://www.springframework.org/schema/tx http://www.springframework.org/schema/tx/spring-tx-4.3.xsd">

	<context:component-scan base-package="ekutir.sanimark" />
	<!-- <mvc:annotation-driven> <mvc:message-converters> <bean class="org.springframework.http.converter.json.MappingJackson2HttpMessageConverter"> 
		<property name="objectMapper" ref="EKutirJsonMapper" /> </bean> </mvc:message-converters> 
		</mvc:annotation-driven> -->

	<mvc:annotation-driven>
		<mvc:message-converters>
			<bean class="org.springframework.http.converter.StringHttpMessageConverter" />
			<bean
				class="org.springframework.http.converter.ByteArrayHttpMessageConverter" />
			<bean
				class="org.springframework.http.converter.json.MappingJackson2HttpMessageConverter">
				<property name="objectMapper" ref="EKutirJsonMapper" />
			</bean>
		</mvc:message-converters>
	</mvc:annotation-driven>
	<bean id="EKutirJsonMapper" class="ekutir.sanimark.utilities.EKutirJsonMapper"/>
	<bean id="messageSource" 
		class="org.springframework.context.support.ReloadableResourceBundleMessageSource">
		<property name="basename" value="resources/validations" />
		<property name="defaultEncoding" value="UTF-8" />
		
	</bean>
	
	
	<!-- <bean id="sanimarks"
		class="org.springframework.jdbc.datasource.DriverManagerDataSource">
		<property name="driverClassName" value="com.mysql.jdbc.Driver" />
		<property name="url" value="jdbc:mysql://EKSSERVWIN001:3306/dbsanimarkdlink" />
		<property name="username" value="mysqlnwadmin" />
		<property name="password" value="connectme@mysql" />
	</bean> -->
	
	<bean id="sanimarks"
		class="org.springframework.jdbc.datasource.DriverManagerDataSource">
		<property name="driverClassName" value="com.mysql.jdbc.Driver" />
		<property name="url" value="jdbc:mysql://localhost:3306/dbsanimarkdlink" />
		<property name="username" value="ektPrDInD1@4dm1n" />
		<property name="password" value="l0gm3In2ektPrdDBInD1@" />
	</bean>
	
	<!-- <bean id="sanimarks"
		class="org.springframework.jdbc.datasource.DriverManagerDataSource">
		<property name="driverClassName" value="com.mysql.jdbc.Driver" />
		<property name="url" value="jdbc:mysql://localhost:3306/dbsanimarkdlink" />
		<property name="username" value="ektdeveloper" />
		<property name="password" value="dev@EKT_7102" />
	</bean> -->
	
	<!-- <bean id="sanimarks"
		class="org.springframework.jdbc.datasource.DriverManagerDataSource">
		<property name="driverClassName" value="com.mysql.jdbc.Driver" />
		<property name="url" value="jdbc:mysql://192.168.0.123:3306/dbsanimarkdlink" />
		<property name="username" value="mysqlnwadmin" />
		<property name="password" value="connectme@mysql" />
	</bean> -->
	

	<bean id="hibernate4AnnotatedSessionFactoryForSanimark"
		class="org.springframework.orm.hibernate4.LocalSessionFactoryBean">
		<property name="dataSource" ref="sanimarks" />
		<property name="annotatedClasses">
			<list>
				<value>ekutir.sanimark.android.model.Address</value>
				<value>ekutir.sanimark.android.model.Advertisement</value>
				<value>ekutir.sanimark.android.model.Application</value>
				<value>ekutir.sanimark.android.model.AppMaster</value>
				<value>ekutir.sanimark.android.model.Audit</value>
				<value>ekutir.sanimark.android.model.Auth</value>
				<value>ekutir.sanimark.android.model.BusinessCategory</value>
				<value>ekutir.sanimark.android.model.BusinessTip</value>
				<value>ekutir.sanimark.android.model.BusinessUser</value>
				<value>ekutir.sanimark.android.model.Customer</value>
				<value>ekutir.sanimark.android.model.CustomerType</value>
				<value>ekutir.sanimark.android.model.MeAndMyLand</value>
				<value>ekutir.sanimark.android.model.PhoneXOtp</value>
				<value>ekutir.sanimark.android.model.Registration</value>
				<value>ekutir.sanimark.android.model.SaleAndOffer</value>
				<value>ekutir.sanimark.android.model.SvadhaErpAddress</value>
				<!-- <value>ekutir.sanimark.android.model.SvadhaErpMeCustomer</value> -->
				<value>ekutir.sanimark.android.model.User</value>

				<!-- ERP -->
				<value>ekutir.sanimark.model.erp.OrderHeaderMaster</value>
				<value>ekutir.sanimark.model.erp.AddressErp</value>
				<value>ekutir.sanimark.model.erp.CommunicationDisposition
				</value>
				<value>ekutir.sanimark.model.erp.MeCustomerMaster</value>
				<value>ekutir.sanimark.model.erp.ProductItem</value>
				<value>ekutir.sanimark.model.erp.ProductMaster</value>
				<value>ekutir.sanimark.model.erp.SupplierProductItem</value>
				<value>ekutir.sanimark.model.erp.SurveyUsers</value>
				<value>ekutir.sanimark.web.model.AgrimarkUsers</value>
				<value>ekutir.sanimark.web.model.WebAddress</value>
				<value>ekutir.sanimark.web.model.AdminUsers</value>
				<value>ekutir.sanimark.web.model.Feature</value>
				<value>ekutir.sanimark.web.model.NewProduct</value>
				<value>ekutir.sanimark.web.model.ProductUnit</value>
				<value>ekutir.sanimark.web.model.TokenGenerate</value>
				<value>ekutir.sanimark.model.Items</value>
				<value>ekutir.sanimark.model.Products</value>
				<value>ekutir.sanimark.model.Services</value>
				<value>ekutir.sanimark.model.MicroEntrepreneurMsgs</value>
			</list>
		</property>
		<property name="hibernateProperties">
			<props>
				<prop key="hibernate.dialect">org.hibernate.dialect.MySQL5Dialect</prop>
				<prop key="hibernate.show_sql">true</prop>
				<prop key="hibernate.format_sql">true</prop>
			</props>
		</property>
	</bean>

	<bean id="persistenceExceptionTranslationPostProcessor"
		class="org.springframework.dao.annotation.PersistenceExceptionTranslationPostProcessor" />

	<tx:annotation-driven transaction-manager="transactionManagerForSanimark" />

	<bean id="transactionManagerForSanimark"
		class="org.springframework.orm.hibernate4.HibernateTransactionManager">
		<property name="sessionFactory"
			ref="hibernate4AnnotatedSessionFactoryForSanimark" />
	</bean>
	
	<bean  class="org.springframework.web.servlet.view.InternalResourceViewResolver">
 <property name="prefix">    <value>/WEB-INF/views/</value>
    </property>
     <property name="suffix">
            <value>.jsp</value>
        </property>
 <property name="order" value="0" />
    </bean>
     <!-- <bean class="org.springframework.web.servlet.view.XmlViewResolver">
        <property name="location">
            <value>/WEB-INF/views/web.xml</value>
        </property>
        <property name="order" value="0" />
    </bean>  -->
    
   <mvc:resources mapping="/static/**" location="/static/"
	cache-period="31556926"/>

    <mvc:annotation-driven />
</beans>